{
  "results": {
    "narrative": {
      "ATC": 0.4752248569092396,
      "NRC": 0.08650942460208923,
      "GFS": 0.7169059466356984,
      "ILD_narr": 15.670169409865556,
      "ILD_topo": 2.7234461439344813,
      "Novelty": 10.256208688527385,
      "Coverage": 0.8184791496320524,
      "ACS": 0.034236804564907276,
      "QPS": 1.8111021307861865,
      "SCS": 0.04847857443768939,
      "Hit@10": 0.008342022940563087,
      "NDCG@10": 0.004961212365517793,
      "RW_Hit@10": 0.009879518072289165
    },
    "topology": {
      "ATC": 0.3277187244480785,
      "NRC": 0.013744645199977847,
      "GFS": 0.8095121255085396,
      "ILD_narr": 24.911473806330285,
      "ILD_topo": 0.024756020338310092,
      "Novelty": 10.256208688527385,
      "Coverage": 0.7694194603434178,
      "ACS": 0.02282453637660485,
      "QPS": 1.6554090746695247,
      "SCS": 0.04123708044776907,
      "Hit@10": 0.01251303441084463,
      "NDCG@10": 0.0033803920287889346,
      "RW_Hit@10": 0.007058260557482959
    },
    "hybrid": {
      "ATC": 0.446443172526574,
      "NRC": 0.06824366822486869,
      "GFS": 0.7551094320901058,
      "ILD_narr": 16.662604498679794,
      "ILD_topo": 0.12113001402477862,
      "Novelty": 10.256208688527385,
      "Coverage": 0.8642681929681112,
      "ACS": 0.037089871611982884,
      "QPS": 1.8214270032930848,
      "SCS": 0.051086069646754065,
      "Hit@10": 0.008342022940563087,
      "NDCG@10": 0.005517702430480179,
      "RW_Hit@10": 0.013461538461538471
    }
  },
  "dimension_independence": 0.0858565711264864,
  "baselines": {
    "random": {
      "ATC": 0.26999182338511857,
      "NRC": 0.01085025541658599,
      "GFS": 0.69876231005925,
      "ILD_narr": 30.81939978886256,
      "ILD_topo": 3.6608702867485827,
      "ACS": 0.008559201141226819
    },
    "popularity": {
      "ATC": 0.26279640228945217,
      "NRC": -0.006189244587058305,
      "GFS": 0.7100596070645394,
      "ILD_narr": 27.612817896559637,
      "ILD_topo": 3.950222905381866,
      "ACS": 0.025677603423680456
    }
  },
  "user_based_evaluation": {
    "narrative": {
      "Hit@10": 0.008342022940563087,
      "NDCG@10": 0.004961212365517793,
      "RW_Hit@10": 0.009879518072289165
    },
    "topology": {
      "Hit@10": 0.01251303441084463,
      "NDCG@10": 0.0033803920287889346,
      "RW_Hit@10": 0.007058260557482959
    },
    "hybrid": {
      "Hit@10": 0.008342022940563087,
      "NDCG@10": 0.005517702430480179,
      "RW_Hit@10": 0.013461538461538471
    }
  },
  "visualization_files": [
    "figures/structural_consistency.png",
    "figures/beyond_accuracy.png",
    "figures/user_based_evaluation.png",
    "figures/proxy_ground_truth.png",
    "figures/baseline_comparison.png",
    "figures/radar_comparison.png",
    "figures/dashboard.png"
  ]
}